{
  "all": {
    "pearson_r": 0.009970651975200683,
    "pearson_p": 0.958295898989179,
    "spearman_r": 0.020244716351501667,
    "spearman_p": 0.9154364690235781
  },
  "truth_dependent": {
    "pearson_r": 0.06708417137660348,
    "pearson_p": 0.8122361392923393,
    "spearman_r": 0.07857142857142857,
    "spearman_p": 0.7807545523090466
  },
  "symbolic": {
    "pearson_r": 0.22251846528006422,
    "pearson_p": 0.42538422754643584,
    "spearman_r": 0.23571428571428568,
    "spearman_p": 0.3977029459032728
  }
}