{
  "logistic_vs_majority": {
    "chi2": 0.75,
    "p_value": 0.3864762307712325,
    "n10": 4,
    "n01": 8
  },
  "logistic_vs_flan": {
    "chi2": 7.5625,
    "p_value": 0.005959526470109121,
    "n10": 14,
    "n01": 2
  },
  "majority_vs_flan": {
    "chi2": 9.375,
    "p_value": 0.00219964706111306,
    "n10": 20,
    "n01": 4
  }
}